{"generative_model_id":"gpt-3","max_tokens":null,"messages":[{"content":"Hello World!","role":"user"}],"seed":0,"temperature":0}	{"id":"chatcmpl-9GGIomu2bWbxdyys1V6Ni0ZbyoJDn","object":"chat.completion","created":1713662942,"model":"gpt-3.5-turbo-16k-0613","choices":[{"index":0,"message":{"role":"assistant","content":"Hello! How can I assist you today?"},"logprobs":null,"finish_reason":"stop"}],"usage":{"prompt_tokens":10,"completion_tokens":9,"total_tokens":19},"system_fingerprint":null}
{"generative_model_id":"gpt-3","max_tokens":null,"messages":[{"content":"私は","role":"user"}],"seed":0,"temperature":0}	{"id":"chatcmpl-9GGJgj2rATSnaCZNp5H3hHkNPbrVW","object":"chat.completion","created":1713662996,"model":"gpt-3.5-turbo-16k-0613","choices":[{"index":0,"message":{"role":"assistant","content":"AIです。どのようにお手伝いできますか？"},"logprobs":null,"finish_reason":"stop"}],"usage":{"prompt_tokens":9,"completion_tokens":18,"total_tokens":27},"system_fingerprint":null}
{"generative_model_id":"gpt-3","max_tokens":null,"messages":[{"content":"私の好きな食べ物は","role":"user"}],"seed":0,"temperature":0}	{"id":"chatcmpl-9GGK4yYi8qvuhXIV7eEV1dusZN9zD","object":"chat.completion","created":1713663020,"model":"gpt-3.5-turbo-16k-0613","choices":[{"index":0,"message":{"role":"assistant","content":"何ですか？"},"logprobs":null,"finish_reason":"stop"}],"usage":{"prompt_tokens":18,"completion_tokens":4,"total_tokens":22},"system_fingerprint":null}
{"generative_model_id":"gpt-3","max_tokens":null,"messages":[{"content":"What is the top reason to visit Switzerland in one sentence?","role":"user"}],"seed":0,"temperature":0}	{"id":"chatcmpl-9GGKwMK3pvivji1NYNVwktwVpKATR","object":"chat.completion","created":1713663074,"model":"gpt-3.5-turbo-16k-0613","choices":[{"index":0,"message":{"role":"assistant","content":"The top reason to visit Switzerland is to experience its breathtaking landscapes, from majestic mountains to pristine lakes."},"logprobs":null,"finish_reason":"stop"}],"usage":{"prompt_tokens":19,"completion_tokens":20,"total_tokens":39},"system_fingerprint":null}
{"generative_model_id":"gpt-3","max_tokens":null,"messages":[{"content":"Which season is the best time to visit Switzerland? Answer in one sentence.","role":"user"}],"seed":0,"temperature":0}	{"id":"chatcmpl-9GGKwAydh2S1iDEQUNey7UafDwlq0","object":"chat.completion","created":1713663074,"model":"gpt-3.5-turbo-16k-0613","choices":[{"index":0,"message":{"role":"assistant","content":"The best time to visit Switzerland is during the summer season (June to August) when the weather is pleasant and outdoor activities are abundant."},"logprobs":null,"finish_reason":"stop"}],"usage":{"prompt_tokens":22,"completion_tokens":27,"total_tokens":49},"system_fingerprint":null}
{"generative_model_id":"gpt-3","max_tokens":null,"messages":[{"content":"What is the top reason to visit Morocco in one sentence?","role":"user"}],"seed":0,"temperature":0}	{"id":"chatcmpl-9GGKxI5QiiggFsnESGN65hvDaIv9e","object":"chat.completion","created":1713663075,"model":"gpt-3.5-turbo-16k-0613","choices":[{"index":0,"message":{"role":"assistant","content":"The top reason to visit Morocco is to immerse yourself in its rich and diverse culture, blending Arab, Berber, and European influences."},"logprobs":null,"finish_reason":"stop"}],"usage":{"prompt_tokens":19,"completion_tokens":28,"total_tokens":47},"system_fingerprint":null}
{"generative_model_id":"gpt-3","max_tokens":null,"messages":[{"content":"Which season is the best time to visit Morocco? Answer in one sentence.","role":"user"}],"seed":0,"temperature":0}	{"id":"chatcmpl-9GGKx9sqE9Oa1yY05iDqXBh9iZ5UU","object":"chat.completion","created":1713663075,"model":"gpt-3.5-turbo-16k-0613","choices":[{"index":0,"message":{"role":"assistant","content":"The best time to visit Morocco is during spring (March to May) when the weather is pleasant and the landscapes are lush."},"logprobs":null,"finish_reason":"stop"}],"usage":{"prompt_tokens":22,"completion_tokens":25,"total_tokens":47},"system_fingerprint":null}
{"generative_model_id":"gpt-3","max_tokens":null,"messages":[{"content":"Which season is the best time to visit Tanzania? Answer in one sentence.","role":"user"}],"seed":0,"temperature":0}	{"id":"chatcmpl-9GGKy3t2XRTkgO6kfV3deFyAr7uYs","object":"chat.completion","created":1713663076,"model":"gpt-3.5-turbo-16k-0613","choices":[{"index":0,"message":{"role":"assistant","content":"The best time to visit Tanzania is during the dry season, from June to October, when wildlife viewing is at its peak."},"logprobs":null,"finish_reason":"stop"}],"usage":{"prompt_tokens":22,"completion_tokens":25,"total_tokens":47},"system_fingerprint":null}
{"generative_model_id":"gpt-3","max_tokens":null,"messages":[{"content":"What is the top reason to visit Tanzania in one sentence?","role":"user"}],"seed":0,"temperature":0}	{"id":"chatcmpl-9GGKyU8z7mTXDEJvDVnPp3FoFe0wY","object":"chat.completion","created":1713663076,"model":"gpt-3.5-turbo-16k-0613","choices":[{"index":0,"message":{"role":"assistant","content":"The top reason to visit Tanzania is to witness the breathtaking beauty of the Serengeti National Park and experience the awe-inspiring Great Migration."},"logprobs":null,"finish_reason":"stop"}],"usage":{"prompt_tokens":19,"completion_tokens":29,"total_tokens":48},"system_fingerprint":null}
{"generative_model_id":"gpt-3","max_tokens":null,"messages":[{"content":"Which season is the best time to visit Indonesia? Answer in one sentence.","role":"user"}],"seed":0,"temperature":0}	{"id":"chatcmpl-9GGKzX5KPCE58nHKPrSIrbEa41Fhd","object":"chat.completion","created":1713663077,"model":"gpt-3.5-turbo-16k-0613","choices":[{"index":0,"message":{"role":"assistant","content":"The best time to visit Indonesia is during the dry season, which is from May to September."},"logprobs":null,"finish_reason":"stop"}],"usage":{"prompt_tokens":22,"completion_tokens":19,"total_tokens":41},"system_fingerprint":null}
{"generative_model_id":"gpt-3","max_tokens":null,"messages":[{"content":"What is the top reason to visit Indonesia in one sentence?","role":"user"}],"seed":0,"temperature":0}	{"id":"chatcmpl-9GGKzA49p17dYQFrIVDYT31LlbMF9","object":"chat.completion","created":1713663077,"model":"gpt-3.5-turbo-16k-0613","choices":[{"index":0,"message":{"role":"assistant","content":"The top reason to visit Indonesia is its breathtaking natural beauty, from stunning beaches and lush rainforests to active volcanoes and diverse wildlife."},"logprobs":null,"finish_reason":"stop"}],"usage":{"prompt_tokens":19,"completion_tokens":28,"total_tokens":47},"system_fingerprint":null}
{"generative_model_id":"gpt-3","max_tokens":null,"messages":[{"content":"Which season is the best time to visit Peru? Answer in one sentence.","role":"user"}],"seed":0,"temperature":0}	{"id":"chatcmpl-9GGL0mTKNOQ3lOWWUUnRBYowiLTKx","object":"chat.completion","created":1713663078,"model":"gpt-3.5-turbo-16k-0613","choices":[{"index":0,"message":{"role":"assistant","content":"The best time to visit Peru is during the dry season, which is from May to September."},"logprobs":null,"finish_reason":"stop"}],"usage":{"prompt_tokens":22,"completion_tokens":19,"total_tokens":41},"system_fingerprint":null}
{"generative_model_id":"gpt-3","max_tokens":null,"messages":[{"content":"What is the top reason to visit Peru in one sentence?","role":"user"}],"seed":0,"temperature":0}	{"id":"chatcmpl-9GGL1odppZqpnA1zhntkKTDytSrz2","object":"chat.completion","created":1713663079,"model":"gpt-3.5-turbo-16k-0613","choices":[{"index":0,"message":{"role":"assistant","content":"The top reason to visit Peru is to experience the awe-inspiring ancient ruins of Machu Picchu."},"logprobs":null,"finish_reason":"stop"}],"usage":{"prompt_tokens":19,"completion_tokens":21,"total_tokens":40},"system_fingerprint":null}